@@,name,position
->,Zhao Kezhi,State Councilor of the People's Republic of China->State Councillor
->,Wei Fenghe,State Councilor of the People's Republic of China->State Councillor
->,Wang Yong,State Councilor of the People's Republic of China->State Councillor
->,Wang Yi,State Councilor of the People's Republic of China->State Councillor
---,Yang Jing,State Councilor of the People's Republic of China
---,Yang Jiechi,State Councilor of the People's Republic of China
---,Chang Wanquan,State Councilor of the People's Republic of China
+++,Xiao Jie,State Councillor
+++,Sun Chunlan,State Councillor
+++,Liu He,State Councillor
+++,Li Keqiang,Premier
+++,Hu Chunhua,State Councillor
+++,Han Zheng,State Councillor
